<?xml version="1.0" encoding="UTF-8"?><MD_Metadata xmlns:xlink="http://www.w3.org/1999/xlink" xmlns:srv="http://www.isotc211.org/2005/srv" xmlns:gts="http://www.isotc211.org/2005/gts" xmlns:xalan="http://xml.apache.org/xalan" xmlns:gco="http://www.isotc211.org/2005/gco" xmlns:gml="http://www.opengis.net/gml" xmlns:xsi="http://www.w3.org/2001/XMLSchema-instance" xmlns="http://www.isotc211.org/2005/gmd">
<fileIdentifier>
<gco:CharacterString>76ED0C98-6522-4491-87E2-F9A104C5C517</gco:CharacterString>
</fileIdentifier>
<language>
<LanguageCode codeList="http://www.loc.gov/standards/iso639-2/php/code_list.php" codeListValue="eng" codeSpace="ISO639-2">eng</LanguageCode>
</language>
<characterSet>
<MD_CharacterSetCode codeList="http://www.isotc211.org/2005/resources/Codelist/gmxCodelists.xml#MD_CharacterSetCode" codeListValue="utf8" codeSpace="ISOTC211/19115">utf8</MD_CharacterSetCode>
</characterSet>
<hierarchyLevel>
<MD_ScopeCode codeList="http://www.isotc211.org/2005/resources/Codelist/gmxCodelists.xml#MD_ScopeCode" codeListValue="dataset" codeSpace="ISOTC211/19115">dataset</MD_ScopeCode>
</hierarchyLevel>
<hierarchyLevelName>
<gco:CharacterString>dataset</gco:CharacterString>
</hierarchyLevelName>
<contact>
<CI_ResponsibleParty>
<organisationName>
<gco:CharacterString>Boulder County Parks &amp; Open Space Department</gco:CharacterString>
</organisationName>
<contactInfo>
<CI_Contact>
<phone>
<CI_Telephone>
<voice>
<gco:CharacterString>303-678-6200</gco:CharacterString>
</voice>
<facsimile>
<gco:CharacterString>303-678-6180</gco:CharacterString>
</facsimile>
</CI_Telephone>
</phone>
<address>
<CI_Address>
<deliveryPoint>
<gco:CharacterString>5201 St Vrain Rd</gco:CharacterString>
</deliveryPoint>
<city>
<gco:CharacterString>Longmont</gco:CharacterString>
</city>
<administrativeArea>
<gco:CharacterString>CO</gco:CharacterString>
</administrativeArea>
<postalCode>
<gco:CharacterString>80503</gco:CharacterString>
</postalCode>
<country>
<Country codeList="http://www.iso.org/iso/country_codes/iso_3166_code_lists.htm" codeListValue="US" codeSpace="ISO3166-1">US</Country>
</country>
<electronicMailAddress>
<gco:CharacterString>POSinfo@bouldercounty.org</gco:CharacterString>
</electronicMailAddress>
</CI_Address>
</address>
<onlineResource>
<CI_OnlineResource>
<linkage>
<URL>http://www.bouldercounty.org/dept/openspace/pages/default.aspx</URL>
</linkage>
<function>
<CI_OnLineFunctionCode codeList="http://www.isotc211.org/2005/resources/Codelist/gmxCodelists.xml#CI_OnLineFunctionCode" codeListValue="information" codeSpace="ISOTC211/19115">information</CI_OnLineFunctionCode>
</function>
</CI_OnlineResource>
</onlineResource>
<hoursOfService>
<gco:CharacterString>08:00-16:30 MST; M-Tr</gco:CharacterString>
</hoursOfService>
<contactInstructions>
<gco:CharacterString>Email is the prefered form of contact</gco:CharacterString>
</contactInstructions>
</CI_Contact>
</contactInfo>
<role>
<CI_RoleCode codeList="http://www.isotc211.org/2005/resources/Codelist/gmxCodelists.xml#CI_RoleCode" codeListValue="pointOfContact" codeSpace="ISOTC211/19115">pointOfContact</CI_RoleCode>
</role>
</CI_ResponsibleParty>
</contact>
<dateStamp>
<gco:Date>2015-06-22</gco:Date>
</dateStamp>
<metadataStandardName>
<gco:CharacterString>ISO 19139 Geographic Information - Metadata - Implementation Specification</gco:CharacterString>
</metadataStandardName>
<metadataStandardVersion>
<gco:CharacterString>2007</gco:CharacterString>
</metadataStandardVersion>
<spatialRepresentationInfo>
<MD_VectorSpatialRepresentation>
<topologyLevel>
<MD_TopologyLevelCode codeList="http://www.isotc211.org/2005/resources/Codelist/gmxCodelists.xml#MD_TopologyLevelCode" codeListValue="geometryOnly" codeSpace="ISOTC211/19115">geometryOnly</MD_TopologyLevelCode>
</topologyLevel>
<geometricObjects>
<MD_GeometricObjects>
<geometricObjectType>
<MD_GeometricObjectTypeCode codeList="http://www.isotc211.org/2005/resources/Codelist/gmxCodelists.xml#MD_GeometricObjectTypeCode" codeListValue="point" codeSpace="ISOTC211/19115">point</MD_GeometricObjectTypeCode>
</geometricObjectType>
<geometricObjectCount>
<gco:Integer>37</gco:Integer>
</geometricObjectCount>
</MD_GeometricObjects>
</geometricObjects>
</MD_VectorSpatialRepresentation>
</spatialRepresentationInfo>
<referenceSystemInfo>
<MD_ReferenceSystem>
<referenceSystemIdentifier>
<RS_Identifier>
<code>
<gco:CharacterString>2876</gco:CharacterString>
</code>
<codeSpace>
<gco:CharacterString>EPSG</gco:CharacterString>
</codeSpace>
<version>
<gco:CharacterString>8.2.6</gco:CharacterString>
</version>
</RS_Identifier>
</referenceSystemIdentifier>
</MD_ReferenceSystem>
</referenceSystemInfo>
<identificationInfo>
<MD_DataIdentification>
<citation>
<CI_Citation>
<title>
<gco:CharacterString>ParksOpenSpace.POS.OP_BCPOS_TRAILHEADS</gco:CharacterString>
</title>
<date>
<CI_Date>
<date>
<gco:Date>2013-11-13</gco:Date>
</date>
<dateType>
<CI_DateTypeCode codeList="http://www.isotc211.org/2005/resources/Codelist/gmxCodelists.xml#CI_DateTypeCode" codeListValue="revision" codeSpace="ISOTC211/19115">revision</CI_DateTypeCode>
</dateType>
</CI_Date>
</date>
<citedResponsibleParty>
<CI_ResponsibleParty>
<organisationName>
<gco:CharacterString>Boulder County Parks &amp; Open Space Department</gco:CharacterString>
</organisationName>
<contactInfo>
<CI_Contact>
<phone>
<CI_Telephone>
<voice>
<gco:CharacterString>303-678-6200</gco:CharacterString>
</voice>
<facsimile>
<gco:CharacterString>303-678-6180</gco:CharacterString>
</facsimile>
</CI_Telephone>
</phone>
<address>
<CI_Address>
<deliveryPoint>
<gco:CharacterString>5201 St Vrain Rd</gco:CharacterString>
</deliveryPoint>
<city>
<gco:CharacterString>Longmont</gco:CharacterString>
</city>
<administrativeArea>
<gco:CharacterString>CO</gco:CharacterString>
</administrativeArea>
<postalCode>
<gco:CharacterString>80503</gco:CharacterString>
</postalCode>
<country>
<Country codeList="http://www.iso.org/iso/country_codes/iso_3166_code_lists.htm" codeListValue="US" codeSpace="ISO3166-1">US</Country>
</country>
<electronicMailAddress>
<gco:CharacterString>POSinfo@bouldercounty.org</gco:CharacterString>
</electronicMailAddress>
</CI_Address>
</address>
<onlineResource>
<CI_OnlineResource>
<linkage>
<URL>http://www.bouldercounty.org/dept/openspace/pages/default.aspx</URL>
</linkage>
<function>
<CI_OnLineFunctionCode codeList="http://www.isotc211.org/2005/resources/Codelist/gmxCodelists.xml#CI_OnLineFunctionCode" codeListValue="information" codeSpace="ISOTC211/19115">information</CI_OnLineFunctionCode>
</function>
</CI_OnlineResource>
</onlineResource>
<hoursOfService>
<gco:CharacterString>08:00-16:30 MST; M-Tr</gco:CharacterString>
</hoursOfService>
<contactInstructions>
<gco:CharacterString>Email is the prefered form of contact</gco:CharacterString>
</contactInstructions>
</CI_Contact>
</contactInfo>
<role>
<CI_RoleCode codeList="http://www.isotc211.org/2005/resources/Codelist/gmxCodelists.xml#CI_RoleCode" codeListValue="originator" codeSpace="ISOTC211/19115">originator</CI_RoleCode>
</role>
</CI_ResponsibleParty>
</citedResponsibleParty>
<presentationForm>
<CI_PresentationFormCode codeList="http://www.isotc211.org/2005/resources/Codelist/gmxCodelists.xml#CI_PresentationFormCode" codeListValue="mapDigital" codeSpace="ISOTC211/19115">mapDigital</CI_PresentationFormCode>
</presentationForm>
</CI_Citation>
</citation>
<abstract>
<gco:CharacterString>Features within this dataset represent trailheads and/or trail access points are owned and/or maintained by Boulder County Parks and Open Space.</gco:CharacterString>
</abstract>
<purpose>
<gco:CharacterString>This dataset contains all official Boulder County Parks and Open Space trailheads and/or trail access points that provide the point of entry to our parks and trails.</gco:CharacterString>
</purpose>
<credit>
<gco:CharacterString>Boulder County Parks &amp; Open Space Department</gco:CharacterString>
</credit>
<status>
<MD_ProgressCode codeList="http://www.isotc211.org/2005/resources/Codelist/gmxCodelists.xml#MD_ProgressCode" codeListValue="completed" codeSpace="ISOTC211/19115">completed</MD_ProgressCode>
</status>
<pointOfContact>
<CI_ResponsibleParty>
<organisationName>
<gco:CharacterString>Boulder County Parks &amp; Open Space Department</gco:CharacterString>
</organisationName>
<contactInfo>
<CI_Contact>
<phone>
<CI_Telephone>
<voice>
<gco:CharacterString>303-678-6200</gco:CharacterString>
</voice>
<facsimile>
<gco:CharacterString>303-678-6180</gco:CharacterString>
</facsimile>
</CI_Telephone>
</phone>
<address>
<CI_Address>
<deliveryPoint>
<gco:CharacterString>5201 St Vrain Rd</gco:CharacterString>
</deliveryPoint>
<city>
<gco:CharacterString>Longmont</gco:CharacterString>
</city>
<administrativeArea>
<gco:CharacterString>CO</gco:CharacterString>
</administrativeArea>
<postalCode>
<gco:CharacterString>80503</gco:CharacterString>
</postalCode>
<country>
<Country codeList="http://www.iso.org/iso/country_codes/iso_3166_code_lists.htm" codeListValue="US" codeSpace="ISO3166-1">US</Country>
</country>
<electronicMailAddress>
<gco:CharacterString>POSinfo@bouldercounty.org</gco:CharacterString>
</electronicMailAddress>
</CI_Address>
</address>
<onlineResource>
<CI_OnlineResource>
<linkage>
<URL>http://www.bouldercounty.org/dept/openspace/pages/default.aspx</URL>
</linkage>
<function>
<CI_OnLineFunctionCode codeList="http://www.isotc211.org/2005/resources/Codelist/gmxCodelists.xml#CI_OnLineFunctionCode" codeListValue="information" codeSpace="ISOTC211/19115">information</CI_OnLineFunctionCode>
</function>
</CI_OnlineResource>
</onlineResource>
<hoursOfService>
<gco:CharacterString>08:00-16:30 MST; M-Tr</gco:CharacterString>
</hoursOfService>
<contactInstructions>
<gco:CharacterString>Email is the prefered form of contact</gco:CharacterString>
</contactInstructions>
</CI_Contact>
</contactInfo>
<role>
<CI_RoleCode codeList="http://www.isotc211.org/2005/resources/Codelist/gmxCodelists.xml#CI_RoleCode" codeListValue="pointOfContact" codeSpace="ISOTC211/19115">pointOfContact</CI_RoleCode>
</role>
</CI_ResponsibleParty>
</pointOfContact>
<resourceMaintenance>
<MD_MaintenanceInformation>
<maintenanceAndUpdateFrequency>
<MD_MaintenanceFrequencyCode codeList="http://www.isotc211.org/2005/resources/Codelist/gmxCodelists.xml#MD_MaintenanceFrequencyCode" codeListValue="asNeeded" codeSpace="ISOTC211/19115">asNeeded</MD_MaintenanceFrequencyCode>
</maintenanceAndUpdateFrequency>
<updateScope>
<MD_ScopeCode codeList="http://www.isotc211.org/2005/resources/Codelist/gmxCodelists.xml#MD_ScopeCode" codeListValue="dataset" codeSpace="ISOTC211/19115">dataset</MD_ScopeCode>
</updateScope>
</MD_MaintenanceInformation>
</resourceMaintenance>
<descriptiveKeywords>
<MD_Keywords>
<keyword>
<gco:CharacterString>Downloadable Data</gco:CharacterString>
</keyword>
<thesaurusName uuidref="723f6998-058e-11dc-8314-0800200c9a66"/>
</MD_Keywords>
</descriptiveKeywords>
<descriptiveKeywords>
<MD_Keywords>
<keyword>
<gco:CharacterString>Boulder County</gco:CharacterString>
</keyword>
<keyword>
<gco:CharacterString>Boulder</gco:CharacterString>
</keyword>
<keyword>
<gco:CharacterString>Colorado</gco:CharacterString>
</keyword>
<keyword>
<gco:CharacterString>Open Space</gco:CharacterString>
</keyword>
<keyword>
<gco:CharacterString>Parks and Open Space</gco:CharacterString>
</keyword>
<keyword>
<gco:CharacterString>Trails</gco:CharacterString>
</keyword>
<keyword>
<gco:CharacterString>Trailheads</gco:CharacterString>
</keyword>
<keyword>
<gco:CharacterString>Recreation</gco:CharacterString>
</keyword>
<keyword>
<gco:CharacterString>Trailhead</gco:CharacterString>
</keyword>
<keyword>
<gco:CharacterString>Trail Access</gco:CharacterString>
</keyword>
</MD_Keywords>
</descriptiveKeywords>
<descriptiveKeywords>
<MD_Keywords>
<keyword>
<gco:CharacterString>Boulder County</gco:CharacterString>
</keyword>
<keyword>
<gco:CharacterString>Boulder</gco:CharacterString>
</keyword>
<keyword>
<gco:CharacterString>Colorado</gco:CharacterString>
</keyword>
<keyword>
<gco:CharacterString>Open Space</gco:CharacterString>
</keyword>
<keyword>
<gco:CharacterString>Parks and Open Space</gco:CharacterString>
</keyword>
<keyword>
<gco:CharacterString>Trails</gco:CharacterString>
</keyword>
<keyword>
<gco:CharacterString>Trailheads</gco:CharacterString>
</keyword>
<keyword>
<gco:CharacterString>Recreation</gco:CharacterString>
</keyword>
<keyword>
<gco:CharacterString>Trailhead</gco:CharacterString>
</keyword>
<keyword>
<gco:CharacterString>Trail Access</gco:CharacterString>
</keyword>
</MD_Keywords>
</descriptiveKeywords>
<descriptiveKeywords>
<MD_Keywords>
<keyword>
<gco:CharacterString>Boulder County</gco:CharacterString>
</keyword>
<keyword>
<gco:CharacterString>Boulder</gco:CharacterString>
</keyword>
<keyword>
<gco:CharacterString>Colorado</gco:CharacterString>
</keyword>
<keyword>
<gco:CharacterString>Open Space</gco:CharacterString>
</keyword>
<keyword>
<gco:CharacterString>Parks and Open Space</gco:CharacterString>
</keyword>
<keyword>
<gco:CharacterString>Trails</gco:CharacterString>
</keyword>
<keyword>
<gco:CharacterString>Trailheads</gco:CharacterString>
</keyword>
<keyword>
<gco:CharacterString>Recreation</gco:CharacterString>
</keyword>
<keyword>
<gco:CharacterString>Trailhead</gco:CharacterString>
</keyword>
<keyword>
<gco:CharacterString>Trail Access</gco:CharacterString>
</keyword>
</MD_Keywords>
</descriptiveKeywords>
<descriptiveKeywords>
<MD_Keywords>
<keyword>
<gco:CharacterString>Boulder County</gco:CharacterString>
</keyword>
<keyword>
<gco:CharacterString>Boulder</gco:CharacterString>
</keyword>
<keyword>
<gco:CharacterString>Colorado</gco:CharacterString>
</keyword>
<keyword>
<gco:CharacterString>Open Space</gco:CharacterString>
</keyword>
<keyword>
<gco:CharacterString>Parks and Open Space</gco:CharacterString>
</keyword>
<keyword>
<gco:CharacterString>Trails</gco:CharacterString>
</keyword>
<keyword>
<gco:CharacterString>Trailheads</gco:CharacterString>
</keyword>
<keyword>
<gco:CharacterString>Recreation</gco:CharacterString>
</keyword>
<keyword>
<gco:CharacterString>Trailhead</gco:CharacterString>
</keyword>
<keyword>
<gco:CharacterString>Trail Access</gco:CharacterString>
</keyword>
</MD_Keywords>
</descriptiveKeywords>
<descriptiveKeywords>
<MD_Keywords>
<keyword>
<gco:CharacterString>Boulder County</gco:CharacterString>
</keyword>
<keyword>
<gco:CharacterString>Boulder</gco:CharacterString>
</keyword>
<keyword>
<gco:CharacterString>Colorado</gco:CharacterString>
</keyword>
<keyword>
<gco:CharacterString>Open Space</gco:CharacterString>
</keyword>
<keyword>
<gco:CharacterString>Parks and Open Space</gco:CharacterString>
</keyword>
<keyword>
<gco:CharacterString>Trails</gco:CharacterString>
</keyword>
<keyword>
<gco:CharacterString>Trailheads</gco:CharacterString>
</keyword>
<keyword>
<gco:CharacterString>Recreation</gco:CharacterString>
</keyword>
<keyword>
<gco:CharacterString>Trailhead</gco:CharacterString>
</keyword>
<keyword>
<gco:CharacterString>Trail Access</gco:CharacterString>
</keyword>
</MD_Keywords>
</descriptiveKeywords>
<descriptiveKeywords>
<MD_Keywords>
<keyword>
<gco:CharacterString>Boulder County</gco:CharacterString>
</keyword>
<keyword>
<gco:CharacterString>Boulder</gco:CharacterString>
</keyword>
<keyword>
<gco:CharacterString>Colorado</gco:CharacterString>
</keyword>
<keyword>
<gco:CharacterString>Open Space</gco:CharacterString>
</keyword>
<keyword>
<gco:CharacterString>Parks and Open Space</gco:CharacterString>
</keyword>
<keyword>
<gco:CharacterString>Trails</gco:CharacterString>
</keyword>
<keyword>
<gco:CharacterString>Trailheads</gco:CharacterString>
</keyword>
<keyword>
<gco:CharacterString>Recreation</gco:CharacterString>
</keyword>
<keyword>
<gco:CharacterString>Trailhead</gco:CharacterString>
</keyword>
<keyword>
<gco:CharacterString>Trail Access</gco:CharacterString>
</keyword>
</MD_Keywords>
</descriptiveKeywords>
<descriptiveKeywords>
<MD_Keywords>
<keyword>
<gco:CharacterString>Boulder County</gco:CharacterString>
</keyword>
<keyword>
<gco:CharacterString>Boulder</gco:CharacterString>
</keyword>
<keyword>
<gco:CharacterString>Colorado</gco:CharacterString>
</keyword>
<keyword>
<gco:CharacterString>Open Space</gco:CharacterString>
</keyword>
<keyword>
<gco:CharacterString>Parks and Open Space</gco:CharacterString>
</keyword>
<keyword>
<gco:CharacterString>Trails</gco:CharacterString>
</keyword>
<keyword>
<gco:CharacterString>Trailheads</gco:CharacterString>
</keyword>
<keyword>
<gco:CharacterString>Recreation</gco:CharacterString>
</keyword>
<keyword>
<gco:CharacterString>Trailhead</gco:CharacterString>
</keyword>
<keyword>
<gco:CharacterString>Trail Access</gco:CharacterString>
</keyword>
</MD_Keywords>
</descriptiveKeywords>
<descriptiveKeywords>
<MD_Keywords>
<keyword>
<gco:CharacterString>Boulder County</gco:CharacterString>
</keyword>
<keyword>
<gco:CharacterString>Boulder</gco:CharacterString>
</keyword>
<keyword>
<gco:CharacterString>Colorado</gco:CharacterString>
</keyword>
<keyword>
<gco:CharacterString>Open Space</gco:CharacterString>
</keyword>
<keyword>
<gco:CharacterString>Parks and Open Space</gco:CharacterString>
</keyword>
<keyword>
<gco:CharacterString>Trails</gco:CharacterString>
</keyword>
<keyword>
<gco:CharacterString>Trailheads</gco:CharacterString>
</keyword>
<keyword>
<gco:CharacterString>Recreation</gco:CharacterString>
</keyword>
<keyword>
<gco:CharacterString>Trailhead</gco:CharacterString>
</keyword>
<keyword>
<gco:CharacterString>Trail Access</gco:CharacterString>
</keyword>
</MD_Keywords>
</descriptiveKeywords>
<descriptiveKeywords>
<MD_Keywords>
<keyword>
<gco:CharacterString>Boulder County</gco:CharacterString>
</keyword>
<keyword>
<gco:CharacterString>Boulder</gco:CharacterString>
</keyword>
<keyword>
<gco:CharacterString>Colorado</gco:CharacterString>
</keyword>
<keyword>
<gco:CharacterString>Open Space</gco:CharacterString>
</keyword>
<keyword>
<gco:CharacterString>Parks and Open Space</gco:CharacterString>
</keyword>
<keyword>
<gco:CharacterString>Trails</gco:CharacterString>
</keyword>
<keyword>
<gco:CharacterString>Trailheads</gco:CharacterString>
</keyword>
<keyword>
<gco:CharacterString>Recreation</gco:CharacterString>
</keyword>
<keyword>
<gco:CharacterString>Trailhead</gco:CharacterString>
</keyword>
<keyword>
<gco:CharacterString>Trail Access</gco:CharacterString>
</keyword>
</MD_Keywords>
</descriptiveKeywords>
<descriptiveKeywords>
<MD_Keywords>
<keyword>
<gco:CharacterString>Boulder County</gco:CharacterString>
</keyword>
<keyword>
<gco:CharacterString>Boulder</gco:CharacterString>
</keyword>
<keyword>
<gco:CharacterString>Colorado</gco:CharacterString>
</keyword>
<keyword>
<gco:CharacterString>Open Space</gco:CharacterString>
</keyword>
<keyword>
<gco:CharacterString>Parks and Open Space</gco:CharacterString>
</keyword>
<keyword>
<gco:CharacterString>Trails</gco:CharacterString>
</keyword>
<keyword>
<gco:CharacterString>Trailheads</gco:CharacterString>
</keyword>
<keyword>
<gco:CharacterString>Recreation</gco:CharacterString>
</keyword>
<keyword>
<gco:CharacterString>Trailhead</gco:CharacterString>
</keyword>
<keyword>
<gco:CharacterString>Trail Access</gco:CharacterString>
</keyword>
</MD_Keywords>
</descriptiveKeywords>
<resourceConstraints>
<MD_Constraints>
<useLimitation>
<gco:CharacterString>View License</gco:CharacterString>
</useLimitation>
</MD_Constraints>
</resourceConstraints>
<resourceConstraints>
<MD_LegalConstraints>
<useLimitation>
<gco:CharacterString>COPYRIGHT: © 2012 by the County of Boulder, Colorado. All rights reserved. No part of this data may be copied, reproduced, or transmitted in any form or by any means whether graphic, electronic, or mechanical, including photocopying, recording, or by any information storage or retrieval system without permission from the County of Boulder, Colorado.</gco:CharacterString>
</useLimitation>
<accessConstraints>
<MD_RestrictionCode codeList="http://www.isotc211.org/2005/resources/Codelist/gmxCodelists.xml#MD_RestrictionCode" codeListValue="intellectualPropertyRights" codeSpace="ISOTC211/19115">intellectualPropertyRights</MD_RestrictionCode>
</accessConstraints>
<useConstraints>
<MD_RestrictionCode codeList="http://www.isotc211.org/2005/resources/Codelist/gmxCodelists.xml#MD_RestrictionCode" codeListValue="copyright" codeSpace="ISOTC211/19115">copyright</MD_RestrictionCode>
</useConstraints>
</MD_LegalConstraints>
</resourceConstraints>
<spatialRepresentationType>
<MD_SpatialRepresentationTypeCode codeList="http://www.isotc211.org/2005/resources/Codelist/gmxCodelists.xml#MD_SpatialRepresentationTypeCode" codeListValue="vector" codeSpace="ISOTC211/19115">vector</MD_SpatialRepresentationTypeCode>
</spatialRepresentationType>
<spatialResolution>
<MD_Resolution>
<distance>
<gco:Distance uom="[ft_us]"/>
</distance>
</MD_Resolution>
</spatialResolution>
<language>
<LanguageCode codeList="http://www.loc.gov/standards/iso639-2/php/code_list.php" codeListValue="eng" codeSpace="ISO639-2">eng</LanguageCode>
</language>
<characterSet>
<MD_CharacterSetCode codeList="http://www.isotc211.org/2005/resources/Codelist/gmxCodelists.xml#MD_CharacterSetCode" codeListValue="utf8" codeSpace="ISOTC211/19115">utf8</MD_CharacterSetCode>
</characterSet>
<topicCategory>
<MD_TopicCategoryCode>environment</MD_TopicCategoryCode>
</topicCategory>
<topicCategory>
<MD_TopicCategoryCode>location</MD_TopicCategoryCode>
</topicCategory>
<environmentDescription>
<gco:CharacterString>Microsoft Windows 7 Version 6.1 (Build 7601) Service Pack 1; Esri ArcGIS 10.2.2.3552</gco:CharacterString>
</environmentDescription>
<extent>
<EX_Extent>
<geographicElement>
<EX_GeographicBoundingBox>
<westBoundLongitude>
<gco:Decimal>-105.519268</gco:Decimal>
</westBoundLongitude>
<eastBoundLongitude>
<gco:Decimal>-105.059352</gco:Decimal>
</eastBoundLongitude>
<southBoundLatitude>
<gco:Decimal>39.928374</gco:Decimal>
</southBoundLatitude>
<northBoundLatitude>
<gco:Decimal>40.246816</gco:Decimal>
</northBoundLatitude>
</EX_GeographicBoundingBox>
</geographicElement>
</EX_Extent>
</extent>
</MD_DataIdentification>
</identificationInfo>
<distributionInfo>
<MD_Distribution>
<distributionFormat>
<MD_Format>
<name>
<gco:CharacterString>SDE Feature Class</gco:CharacterString>
</name>
<version>
<gco:CharacterString>10.1</gco:CharacterString>
</version>
</MD_Format>
</distributionFormat>
<distributor>
<MD_Distributor>
<distributorContact>
<CI_ResponsibleParty>
<organisationName>
<gco:CharacterString>Boulder County Parks &amp; Open Space Department</gco:CharacterString>
</organisationName>
<contactInfo>
<CI_Contact>
<phone>
<CI_Telephone>
<voice>
<gco:CharacterString>303-678-6200</gco:CharacterString>
</voice>
<facsimile>
<gco:CharacterString>303-678-6180</gco:CharacterString>
</facsimile>
</CI_Telephone>
</phone>
<address>
<CI_Address>
<deliveryPoint>
<gco:CharacterString>5201 St Vrain Rd</gco:CharacterString>
</deliveryPoint>
<city>
<gco:CharacterString>Longmont</gco:CharacterString>
</city>
<administrativeArea>
<gco:CharacterString>CO</gco:CharacterString>
</administrativeArea>
<postalCode>
<gco:CharacterString>80503</gco:CharacterString>
</postalCode>
<country>
<Country codeList="http://www.iso.org/iso/country_codes/iso_3166_code_lists.htm" codeListValue="US" codeSpace="ISO3166-1">US</Country>
</country>
<electronicMailAddress>
<gco:CharacterString>POSinfo@bouldercounty.org</gco:CharacterString>
</electronicMailAddress>
</CI_Address>
</address>
<onlineResource>
<CI_OnlineResource>
<linkage>
<URL>http://www.bouldercounty.org/dept/openspace/pages/default.aspx</URL>
</linkage>
<function>
<CI_OnLineFunctionCode codeList="http://www.isotc211.org/2005/resources/Codelist/gmxCodelists.xml#CI_OnLineFunctionCode" codeListValue="information" codeSpace="ISOTC211/19115">information</CI_OnLineFunctionCode>
</function>
</CI_OnlineResource>
</onlineResource>
<hoursOfService>
<gco:CharacterString>08:00-16:30 MST; M-Tr</gco:CharacterString>
</hoursOfService>
<contactInstructions>
<gco:CharacterString>Email is the prefered form of contact</gco:CharacterString>
</contactInstructions>
</CI_Contact>
</contactInfo>
<role>
<CI_RoleCode codeList="http://www.isotc211.org/2005/resources/Codelist/gmxCodelists.xml#CI_RoleCode" codeListValue="distributor" codeSpace="ISOTC211/19115">distributor</CI_RoleCode>
</role>
</CI_ResponsibleParty>
</distributorContact>
<distributionOrderProcess>
<MD_StandardOrderProcess>
<fees>
<gco:CharacterString>Contact BCPOS for details</gco:CharacterString>
</fees>
<orderingInstructions>
<gco:CharacterString>Contact BCPOS for details</gco:CharacterString>
</orderingInstructions>
<turnaround>
<gco:CharacterString>Contact BCPOS for details</gco:CharacterString>
</turnaround>
</MD_StandardOrderProcess>
</distributionOrderProcess>
</MD_Distributor>
</distributor>
</MD_Distribution>
</distributionInfo>
<dataQualityInfo>
<DQ_DataQuality>
<scope>
<DQ_Scope>
<level>
<MD_ScopeCode codeList="http://www.isotc211.org/2005/resources/Codelist/gmxCodelists.xml#MD_ScopeCode" codeListValue="feature" codeSpace="ISOTC211/19115">feature</MD_ScopeCode>
</level>
<levelDescription>
<MD_ScopeDescription>
<attributes uuidref="n/a"/>
</MD_ScopeDescription>
</levelDescription>
</DQ_Scope>
</scope>
</DQ_DataQuality>
</dataQualityInfo>
<metadataConstraints>
<MD_LegalConstraints>
<useLimitation>
<gco:CharacterString>COPYRIGHT: © 2012 by the County of Boulder, Colorado. All rights reserved. No part of this data may be copied, reproduced, or transmitted in any form or by any means whether graphic, electronic, or mechanical, including photocopying, recording, or by any information storage or retrieval system without permission from the County of Boulder, Colorado.</gco:CharacterString>
</useLimitation>
<accessConstraints>
<MD_RestrictionCode codeList="http://www.isotc211.org/2005/resources/Codelist/gmxCodelists.xml#MD_RestrictionCode" codeListValue="intellectualPropertyRights" codeSpace="ISOTC211/19115">intellectualPropertyRights</MD_RestrictionCode>
</accessConstraints>
<useConstraints>
<MD_RestrictionCode codeList="http://www.isotc211.org/2005/resources/Codelist/gmxCodelists.xml#MD_RestrictionCode" codeListValue="copyright" codeSpace="ISOTC211/19115">copyright</MD_RestrictionCode>
</useConstraints>
</MD_LegalConstraints>
</metadataConstraints>
<metadataMaintenance>
<MD_MaintenanceInformation>
<maintenanceAndUpdateFrequency>
<MD_MaintenanceFrequencyCode codeList="http://www.isotc211.org/2005/resources/Codelist/gmxCodelists.xml#MD_MaintenanceFrequencyCode" codeListValue="asNeeded" codeSpace="ISOTC211/19115">asNeeded</MD_MaintenanceFrequencyCode>
</maintenanceAndUpdateFrequency>
<updateScope>
<MD_ScopeCode codeList="http://www.isotc211.org/2005/resources/Codelist/gmxCodelists.xml#MD_ScopeCode" codeListValue="dataset" codeSpace="ISOTC211/19115">dataset</MD_ScopeCode>
</updateScope>
</MD_MaintenanceInformation>
</metadataMaintenance>
</MD_Metadata>
