<?xml version="1.0" encoding="UTF-8"?><MD_Metadata xmlns:xlink="http://www.w3.org/1999/xlink" xmlns:srv="http://www.isotc211.org/2005/srv" xmlns:gts="http://www.isotc211.org/2005/gts" xmlns:xalan="http://xml.apache.org/xalan" xmlns:gco="http://www.isotc211.org/2005/gco" xmlns:gml="http://www.opengis.net/gml" xmlns:xsi="http://www.w3.org/2001/XMLSchema-instance" xmlns="http://www.isotc211.org/2005/gmd">
<fileIdentifier>
<gco:CharacterString>1456448598137r8520335581071015</gco:CharacterString>
</fileIdentifier>
<language>
<LanguageCode codeList="http://www.loc.gov/standards/iso639-2/php/code_list.php" codeListValue="eng" codeSpace="ISO639-2">eng</LanguageCode>
</language>
<characterSet>
<MD_CharacterSetCode codeList="http://www.isotc211.org/2005/resources/Codelist/gmxCodelists.xml#MD_CharacterSetCode" codeListValue="utf8" codeSpace="ISOTC211/19115">utf8</MD_CharacterSetCode>
</characterSet>
<hierarchyLevel>
<MD_ScopeCode codeList="http://www.isotc211.org/2005/resources/Codelist/gmxCodelists.xml#MD_ScopeCode" codeListValue="dataset" codeSpace="ISOTC211/19115">dataset</MD_ScopeCode>
</hierarchyLevel>
<hierarchyLevelName>
<gco:CharacterString>dataset</gco:CharacterString>
</hierarchyLevelName>
<contact>
<CI_ResponsibleParty>
<organisationName>
<gco:CharacterString>Boulder County Parks and Open Space</gco:CharacterString>
</organisationName>
<positionName>
<gco:CharacterString>GIS Staff</gco:CharacterString>
</positionName>
<contactInfo>
<CI_Contact>
<phone>
<CI_Telephone>
<voice>
<gco:CharacterString>303-678-6200</gco:CharacterString>
</voice>
<facsimile>
<gco:CharacterString>303-678-6177</gco:CharacterString>
</facsimile>
</CI_Telephone>
</phone>
<address>
<CI_Address>
<deliveryPoint>
<gco:CharacterString>5201 St Vrain Rd</gco:CharacterString>
</deliveryPoint>
<city>
<gco:CharacterString>Longmont</gco:CharacterString>
</city>
<administrativeArea>
<gco:CharacterString>CO</gco:CharacterString>
</administrativeArea>
<postalCode>
<gco:CharacterString>80503</gco:CharacterString>
</postalCode>
<country>
<Country codeList="http://www.iso.org/iso/country_codes/iso_3166_code_lists.htm" codeListValue="US" codeSpace="ISO3166-1">US</Country>
</country>
</CI_Address>
</address>
</CI_Contact>
</contactInfo>
<role>
<CI_RoleCode codeList="http://www.isotc211.org/2005/resources/Codelist/gmxCodelists.xml#CI_RoleCode" codeListValue="pointOfContact" codeSpace="ISOTC211/19115">pointOfContact</CI_RoleCode>
</role>
</CI_ResponsibleParty>
</contact>
<dateStamp>
<gco:Date>2015-10-22</gco:Date>
</dateStamp>
<metadataStandardName>
<gco:CharacterString>ISO 19139 Geographic Information - Metadata - Implementation Specification</gco:CharacterString>
</metadataStandardName>
<metadataStandardVersion>
<gco:CharacterString>2007</gco:CharacterString>
</metadataStandardVersion>
<spatialRepresentationInfo>
<MD_VectorSpatialRepresentation>
<topologyLevel>
<MD_TopologyLevelCode codeList="http://www.isotc211.org/2005/resources/Codelist/gmxCodelists.xml#MD_TopologyLevelCode" codeListValue="geometryOnly" codeSpace="ISOTC211/19115">geometryOnly</MD_TopologyLevelCode>
</topologyLevel>
<geometricObjects>
<MD_GeometricObjects>
<geometricObjectType>
<MD_GeometricObjectTypeCode codeList="http://www.isotc211.org/2005/resources/Codelist/gmxCodelists.xml#MD_GeometricObjectTypeCode" codeListValue="composite" codeSpace="ISOTC211/19115">composite</MD_GeometricObjectTypeCode>
</geometricObjectType>
<geometricObjectCount>
<gco:Integer>2204</gco:Integer>
</geometricObjectCount>
</MD_GeometricObjects>
</geometricObjects>
</MD_VectorSpatialRepresentation>
</spatialRepresentationInfo>
<referenceSystemInfo>
<MD_ReferenceSystem>
<referenceSystemIdentifier>
<RS_Identifier>
<code>
<gco:CharacterString>2876</gco:CharacterString>
</code>
<codeSpace>
<gco:CharacterString>EPSG</gco:CharacterString>
</codeSpace>
<version>
<gco:CharacterString>8.6.2</gco:CharacterString>
</version>
</RS_Identifier>
</referenceSystemIdentifier>
</MD_ReferenceSystem>
</referenceSystemInfo>
<identificationInfo>
<MD_DataIdentification>
<citation>
<CI_Citation>
<title>
<gco:CharacterString>ParksOpenSpace.POS.OS_COUNTY_OPEN_SPACE</gco:CharacterString>
</title>
<date>
<CI_Date>
<date>
<gco:Date>2013-10-31</gco:Date>
</date>
<dateType>
<CI_DateTypeCode codeList="http://www.isotc211.org/2005/resources/Codelist/gmxCodelists.xml#CI_DateTypeCode" codeListValue="revision" codeSpace="ISOTC211/19115">revision</CI_DateTypeCode>
</dateType>
</CI_Date>
</date>
<presentationForm>
<CI_PresentationFormCode codeList="http://www.isotc211.org/2005/resources/Codelist/gmxCodelists.xml#CI_PresentationFormCode" codeListValue="mapDigital" codeSpace="ISOTC211/19115">mapDigital</CI_PresentationFormCode>
</presentationForm>
</CI_Citation>
</citation>
<abstract>
<gco:CharacterString>This dataset represents all open space properties in which Boulder County Parks and Open Space has an interest.</gco:CharacterString>
</abstract>
<purpose>
<gco:CharacterString>Open space properties include many different ownership types of Fee Interest, Conservation Easement, or Options to purchase in Fee or Conservation Easement.</gco:CharacterString>
</purpose>
<credit>
<gco:CharacterString>Boulder County Parks and Open Space Department</gco:CharacterString>
</credit>
<resourceMaintenance>
<MD_MaintenanceInformation>
<maintenanceAndUpdateFrequency>
<MD_MaintenanceFrequencyCode codeList="http://www.isotc211.org/2005/resources/Codelist/gmxCodelists.xml#MD_MaintenanceFrequencyCode" codeListValue="quarterly" codeSpace="ISOTC211/19115">quarterly</MD_MaintenanceFrequencyCode>
</maintenanceAndUpdateFrequency>
</MD_MaintenanceInformation>
</resourceMaintenance>
<descriptiveKeywords>
<MD_Keywords>
<keyword>
<gco:CharacterString>Downloadable Data</gco:CharacterString>
</keyword>
<thesaurusName uuidref="723f6998-058e-11dc-8314-0800200c9a66"/>
</MD_Keywords>
</descriptiveKeywords>
<descriptiveKeywords>
<MD_Keywords>
<keyword>
<gco:CharacterString>Open Space</gco:CharacterString>
</keyword>
<keyword>
<gco:CharacterString>open space</gco:CharacterString>
</keyword>
<keyword>
<gco:CharacterString>conservation easement</gco:CharacterString>
</keyword>
<keyword>
<gco:CharacterString>option</gco:CharacterString>
</keyword>
<keyword>
<gco:CharacterString>Boulder County</gco:CharacterString>
</keyword>
</MD_Keywords>
</descriptiveKeywords>
<descriptiveKeywords>
<MD_Keywords>
<keyword>
<gco:CharacterString>Open Space</gco:CharacterString>
</keyword>
<keyword>
<gco:CharacterString>open space</gco:CharacterString>
</keyword>
<keyword>
<gco:CharacterString>conservation easement</gco:CharacterString>
</keyword>
<keyword>
<gco:CharacterString>option</gco:CharacterString>
</keyword>
<keyword>
<gco:CharacterString>Boulder County</gco:CharacterString>
</keyword>
</MD_Keywords>
</descriptiveKeywords>
<descriptiveKeywords>
<MD_Keywords>
<keyword>
<gco:CharacterString>Open Space</gco:CharacterString>
</keyword>
<keyword>
<gco:CharacterString>open space</gco:CharacterString>
</keyword>
<keyword>
<gco:CharacterString>conservation easement</gco:CharacterString>
</keyword>
<keyword>
<gco:CharacterString>option</gco:CharacterString>
</keyword>
<keyword>
<gco:CharacterString>Boulder County</gco:CharacterString>
</keyword>
</MD_Keywords>
</descriptiveKeywords>
<descriptiveKeywords>
<MD_Keywords>
<keyword>
<gco:CharacterString>Open Space</gco:CharacterString>
</keyword>
<keyword>
<gco:CharacterString>open space</gco:CharacterString>
</keyword>
<keyword>
<gco:CharacterString>conservation easement</gco:CharacterString>
</keyword>
<keyword>
<gco:CharacterString>option</gco:CharacterString>
</keyword>
<keyword>
<gco:CharacterString>Boulder County</gco:CharacterString>
</keyword>
</MD_Keywords>
</descriptiveKeywords>
<descriptiveKeywords>
<MD_Keywords>
<keyword>
<gco:CharacterString>Open Space</gco:CharacterString>
</keyword>
<keyword>
<gco:CharacterString>open space</gco:CharacterString>
</keyword>
<keyword>
<gco:CharacterString>conservation easement</gco:CharacterString>
</keyword>
<keyword>
<gco:CharacterString>option</gco:CharacterString>
</keyword>
<keyword>
<gco:CharacterString>Boulder County</gco:CharacterString>
</keyword>
</MD_Keywords>
</descriptiveKeywords>
<resourceConstraints>
<MD_Constraints>
<useLimitation>
<gco:CharacterString>This data has been developed by Boulder County, and Boulder County makes no warranties, representations or guarantees, either expressed or implied, as to the completeness, accuracy or correctness of the data, nor accepts or assumes any liability arising from or for any incorrect, incomplete or misleading data provided pursuant to the use of this data. There are no warranties and/or representations, either expressed or implied, of merchantability or fitness of the data for a particular purpose or use.</gco:CharacterString>
</useLimitation>
</MD_Constraints>
</resourceConstraints>
<spatialRepresentationType>
<MD_SpatialRepresentationTypeCode codeList="http://www.isotc211.org/2005/resources/Codelist/gmxCodelists.xml#MD_SpatialRepresentationTypeCode" codeListValue="vector" codeSpace="ISOTC211/19115">vector</MD_SpatialRepresentationTypeCode>
</spatialRepresentationType>
<language>
<LanguageCode codeList="http://www.loc.gov/standards/iso639-2/php/code_list.php" codeListValue="eng" codeSpace="ISO639-2">eng</LanguageCode>
</language>
<characterSet>
<MD_CharacterSetCode codeList="http://www.isotc211.org/2005/resources/Codelist/gmxCodelists.xml#MD_CharacterSetCode" codeListValue="utf8" codeSpace="ISOTC211/19115">utf8</MD_CharacterSetCode>
</characterSet>
<topicCategory>
<MD_TopicCategoryCode>boundaries</MD_TopicCategoryCode>
</topicCategory>
<topicCategory>
<MD_TopicCategoryCode>imageryBaseMapsEarthCover</MD_TopicCategoryCode>
</topicCategory>
<environmentDescription>
<gco:CharacterString>Microsoft Windows 7 Version 6.1 (Build 7601) Service Pack 1; Esri ArcGIS 10.3.1.4959</gco:CharacterString>
</environmentDescription>
<extent>
<EX_Extent>
<geographicElement>
<EX_GeographicBoundingBox>
<extentTypeCode>
<gco:Boolean>true</gco:Boolean>
</extentTypeCode>
<westBoundLongitude>
<gco:Decimal>-105.733706</gco:Decimal>
</westBoundLongitude>
<eastBoundLongitude>
<gco:Decimal>-105.016809</gco:Decimal>
</eastBoundLongitude>
<southBoundLatitude>
<gco:Decimal>39.86062</gco:Decimal>
</southBoundLatitude>
<northBoundLatitude>
<gco:Decimal>40.268498</gco:Decimal>
</northBoundLatitude>
</EX_GeographicBoundingBox>
</geographicElement>
</EX_Extent>
</extent>
<extent>
<EX_Extent>
<geographicElement>
<EX_GeographicBoundingBox>
<extentTypeCode>
<gco:Boolean>true</gco:Boolean>
</extentTypeCode>
<westBoundLongitude>
<gco:Decimal>-105.733706</gco:Decimal>
</westBoundLongitude>
<eastBoundLongitude>
<gco:Decimal>-105.016809</gco:Decimal>
</eastBoundLongitude>
<southBoundLatitude>
<gco:Decimal>39.86062</gco:Decimal>
</southBoundLatitude>
<northBoundLatitude>
<gco:Decimal>40.268498</gco:Decimal>
</northBoundLatitude>
</EX_GeographicBoundingBox>
</geographicElement>
</EX_Extent>
</extent>
</MD_DataIdentification>
</identificationInfo>
<distributionInfo>
<MD_Distribution>
<distributionFormat>
<MD_Format>
<name>
<gco:CharacterString>SDE Feature Class</gco:CharacterString>
</name>
<version>
<gco:CharacterString>10.1</gco:CharacterString>
</version>
</MD_Format>
</distributionFormat>
</MD_Distribution>
</distributionInfo>
<metadataMaintenance>
<MD_MaintenanceInformation>
<maintenanceAndUpdateFrequency>
<MD_MaintenanceFrequencyCode codeList="http://www.isotc211.org/2005/resources/Codelist/gmxCodelists.xml#MD_MaintenanceFrequencyCode" codeListValue="quarterly" codeSpace="ISOTC211/19115">quarterly</MD_MaintenanceFrequencyCode>
</maintenanceAndUpdateFrequency>
</MD_MaintenanceInformation>
</metadataMaintenance>
</MD_Metadata>
